document_id,document_text,entity,gold_answer
ru-1000,"Таким образом, Джонсон стал третьим министром, который покинул свой пост в течении суток. Раннее о своем уходе объявили министр по вопросам выхода Великобритании из ЕС Дэвид Дэвис и заместитель министра по Brexit Стив Бейкер. Напомним, ранее премьер-министр Великобритании Тереза Мэй пообещала отправить в отставку главу МИД Соединенного Королевства Бориса Джонсона, если он попытается ослабить согласованную ее кабинетом коллективную позицию относительно будущих переговоров с ЕС.Об этом сообщает The Guardian, передает УНН. ""Сегодня днем премьер-министр принял отставку Бориса Джонсона с поста качестве министра иностранных дел. Его замена будет объявлена в ближайшее время. Премьер-министр благодарит Бориса за его работу"", - сообщил пресс-секретарь британского парламента.",PER,PER-Boris-Johnson
ru-1000,"Таким образом, Джонсон стал третьим министром, который покинул свой пост в течении суток. Раннее о своем уходе объявили министр по вопросам выхода Великобритании из ЕС Дэвид Дэвис и заместитель министра по Brexit Стив Бейкер. Напомним, ранее премьер-министр Великобритании Тереза Мэй пообещала отправить в отставку главу МИД Соединенного Королевства Бориса Джонсона, если он попытается ослабить согласованную ее кабинетом коллективную позицию относительно будущих переговоров с ЕС.Об этом сообщает The Guardian, передает УНН. ""Сегодня днем премьер-министр принял отставку Бориса Джонсона с поста качестве министра иностранных дел. Его замена будет объявлена в ближайшее время. Премьер-министр благодарит Бориса за его работу"", - сообщил пресс-секретарь британского парламента.",LOC,GPE-Great-Britain
ru-1000,"Таким образом, Джонсон стал третьим министром, который покинул свой пост в течении суток. Раннее о своем уходе объявили министр по вопросам выхода Великобритании из ЕС Дэвид Дэвис и заместитель министра по Brexit Стив Бейкер. Напомним, ранее премьер-министр Великобритании Тереза Мэй пообещала отправить в отставку главу МИД Соединенного Королевства Бориса Джонсона, если он попытается ослабить согласованную ее кабинетом коллективную позицию относительно будущих переговоров с ЕС.Об этом сообщает The Guardian, передает УНН. ""Сегодня днем премьер-министр принял отставку Бориса Джонсона с поста качестве министра иностранных дел. Его замена будет объявлена в ближайшее время. Премьер-министр благодарит Бориса за его работу"", - сообщил пресс-секретарь британского парламента.",ORG,EU-Commission
ru-1000,"Таким образом, Джонсон стал третьим министром, который покинул свой пост в течении суток. Раннее о своем уходе объявили министр по вопросам выхода Великобритании из ЕС Дэвид Дэвис и заместитель министра по Brexit Стив Бейкер. Напомним, ранее премьер-министр Великобритании Тереза Мэй пообещала отправить в отставку главу МИД Соединенного Королевства Бориса Джонсона, если он попытается ослабить согласованную ее кабинетом коллективную позицию относительно будущих переговоров с ЕС.Об этом сообщает The Guardian, передает УНН. ""Сегодня днем премьер-министр принял отставку Бориса Джонсона с поста качестве министра иностранных дел. Его замена будет объявлена в ближайшее время. Премьер-министр благодарит Бориса за его работу"", - сообщил пресс-секретарь британского парламента.",PER,PER-David-Davis
ru-1000,"Таким образом, Джонсон стал третьим министром, который покинул свой пост в течении суток. Раннее о своем уходе объявили министр по вопросам выхода Великобритании из ЕС Дэвид Дэвис и заместитель министра по Brexit Стив Бейкер. Напомним, ранее премьер-министр Великобритании Тереза Мэй пообещала отправить в отставку главу МИД Соединенного Королевства Бориса Джонсона, если он попытается ослабить согласованную ее кабинетом коллективную позицию относительно будущих переговоров с ЕС.Об этом сообщает The Guardian, передает УНН. ""Сегодня днем премьер-министр принял отставку Бориса Джонсона с поста качестве министра иностранных дел. Его замена будет объявлена в ближайшее время. Премьер-министр благодарит Бориса за его работу"", - сообщил пресс-секретарь британского парламента.",EVT,EVT-Brexit
ru-1000,"Таким образом, Джонсон стал третьим министром, который покинул свой пост в течении суток. Раннее о своем уходе объявили министр по вопросам выхода Великобритании из ЕС Дэвид Дэвис и заместитель министра по Brexit Стив Бейкер. Напомним, ранее премьер-министр Великобритании Тереза Мэй пообещала отправить в отставку главу МИД Соединенного Королевства Бориса Джонсона, если он попытается ослабить согласованную ее кабинетом коллективную позицию относительно будущих переговоров с ЕС.Об этом сообщает The Guardian, передает УНН. ""Сегодня днем премьер-министр принял отставку Бориса Джонсона с поста качестве министра иностранных дел. Его замена будет объявлена в ближайшее время. Премьер-министр благодарит Бориса за его работу"", - сообщил пресс-секретарь британского парламента.",PER,PER-Steve-Baker
ru-1000,"Таким образом, Джонсон стал третьим министром, который покинул свой пост в течении суток. Раннее о своем уходе объявили министр по вопросам выхода Великобритании из ЕС Дэвид Дэвис и заместитель министра по Brexit Стив Бейкер. Напомним, ранее премьер-министр Великобритании Тереза Мэй пообещала отправить в отставку главу МИД Соединенного Королевства Бориса Джонсона, если он попытается ослабить согласованную ее кабинетом коллективную позицию относительно будущих переговоров с ЕС.Об этом сообщает The Guardian, передает УНН. ""Сегодня днем премьер-министр принял отставку Бориса Джонсона с поста качестве министра иностранных дел. Его замена будет объявлена в ближайшее время. Премьер-министр благодарит Бориса за его работу"", - сообщил пресс-секретарь британского парламента.",PER,PER-Theresa-May
ru-1000,"Таким образом, Джонсон стал третьим министром, который покинул свой пост в течении суток. Раннее о своем уходе объявили министр по вопросам выхода Великобритании из ЕС Дэвид Дэвис и заместитель министра по Brexit Стив Бейкер. Напомним, ранее премьер-министр Великобритании Тереза Мэй пообещала отправить в отставку главу МИД Соединенного Королевства Бориса Джонсона, если он попытается ослабить согласованную ее кабинетом коллективную позицию относительно будущих переговоров с ЕС.Об этом сообщает The Guardian, передает УНН. ""Сегодня днем премьер-министр принял отставку Бориса Джонсона с поста качестве министра иностранных дел. Его замена будет объявлена в ближайшее время. Премьер-министр благодарит Бориса за его работу"", - сообщил пресс-секретарь британского парламента.",ORG,UK-Foreign-Office
ru-1000,"Таким образом, Джонсон стал третьим министром, который покинул свой пост в течении суток. Раннее о своем уходе объявили министр по вопросам выхода Великобритании из ЕС Дэвид Дэвис и заместитель министра по Brexit Стив Бейкер. Напомним, ранее премьер-министр Великобритании Тереза Мэй пообещала отправить в отставку главу МИД Соединенного Королевства Бориса Джонсона, если он попытается ослабить согласованную ее кабинетом коллективную позицию относительно будущих переговоров с ЕС.Об этом сообщает The Guardian, передает УНН. ""Сегодня днем премьер-министр принял отставку Бориса Джонсона с поста качестве министра иностранных дел. Его замена будет объявлена в ближайшее время. Премьер-министр благодарит Бориса за его работу"", - сообщил пресс-секретарь британского парламента.",PER,PER-Boris-Johnson
ru-1000,"Таким образом, Джонсон стал третьим министром, который покинул свой пост в течении суток. Раннее о своем уходе объявили министр по вопросам выхода Великобритании из ЕС Дэвид Дэвис и заместитель министра по Brexit Стив Бейкер. Напомним, ранее премьер-министр Великобритании Тереза Мэй пообещала отправить в отставку главу МИД Соединенного Королевства Бориса Джонсона, если он попытается ослабить согласованную ее кабинетом коллективную позицию относительно будущих переговоров с ЕС.Об этом сообщает The Guardian, передает УНН. ""Сегодня днем премьер-министр принял отставку Бориса Джонсона с поста качестве министра иностранных дел. Его замена будет объявлена в ближайшее время. Премьер-министр благодарит Бориса за его работу"", - сообщил пресс-секретарь британского парламента.",ORG,EU-Commission
ru-1000,"Таким образом, Джонсон стал третьим министром, который покинул свой пост в течении суток. Раннее о своем уходе объявили министр по вопросам выхода Великобритании из ЕС Дэвид Дэвис и заместитель министра по Brexit Стив Бейкер. Напомним, ранее премьер-министр Великобритании Тереза Мэй пообещала отправить в отставку главу МИД Соединенного Королевства Бориса Джонсона, если он попытается ослабить согласованную ее кабинетом коллективную позицию относительно будущих переговоров с ЕС.Об этом сообщает The Guardian, передает УНН. ""Сегодня днем премьер-министр принял отставку Бориса Джонсона с поста качестве министра иностранных дел. Его замена будет объявлена в ближайшее время. Премьер-министр благодарит Бориса за его работу"", - сообщил пресс-секретарь британского парламента.",PRO,PRO-TheGuardian
ru-1000,"Таким образом, Джонсон стал третьим министром, который покинул свой пост в течении суток. Раннее о своем уходе объявили министр по вопросам выхода Великобритании из ЕС Дэвид Дэвис и заместитель министра по Brexit Стив Бейкер. Напомним, ранее премьер-министр Великобритании Тереза Мэй пообещала отправить в отставку главу МИД Соединенного Королевства Бориса Джонсона, если он попытается ослабить согласованную ее кабинетом коллективную позицию относительно будущих переговоров с ЕС.Об этом сообщает The Guardian, передает УНН. ""Сегодня днем премьер-министр принял отставку Бориса Джонсона с поста качестве министра иностранных дел. Его замена будет объявлена в ближайшее время. Премьер-министр благодарит Бориса за его работу"", - сообщил пресс-секретарь британского парламента.",ORG,ORG-UNN
ru-1000,"Таким образом, Джонсон стал третьим министром, который покинул свой пост в течении суток. Раннее о своем уходе объявили министр по вопросам выхода Великобритании из ЕС Дэвид Дэвис и заместитель министра по Brexit Стив Бейкер. Напомним, ранее премьер-министр Великобритании Тереза Мэй пообещала отправить в отставку главу МИД Соединенного Королевства Бориса Джонсона, если он попытается ослабить согласованную ее кабинетом коллективную позицию относительно будущих переговоров с ЕС.Об этом сообщает The Guardian, передает УНН. ""Сегодня днем премьер-министр принял отставку Бориса Джонсона с поста качестве министра иностранных дел. Его замена будет объявлена в ближайшее время. Премьер-министр благодарит Бориса за его работу"", - сообщил пресс-секретарь британского парламента.",PER,PER-UKPrimeMinister
ru-1000,"Таким образом, Джонсон стал третьим министром, который покинул свой пост в течении суток. Раннее о своем уходе объявили министр по вопросам выхода Великобритании из ЕС Дэвид Дэвис и заместитель министра по Brexit Стив Бейкер. Напомним, ранее премьер-министр Великобритании Тереза Мэй пообещала отправить в отставку главу МИД Соединенного Королевства Бориса Джонсона, если он попытается ослабить согласованную ее кабинетом коллективную позицию относительно будущих переговоров с ЕС.Об этом сообщает The Guardian, передает УНН. ""Сегодня днем премьер-министр принял отставку Бориса Джонсона с поста качестве министра иностранных дел. Его замена будет объявлена в ближайшее время. Премьер-министр благодарит Бориса за его работу"", - сообщил пресс-секретарь британского парламента.",PER,PER-Boris-Johnson
ru-1000,"Таким образом, Джонсон стал третьим министром, который покинул свой пост в течении суток. Раннее о своем уходе объявили министр по вопросам выхода Великобритании из ЕС Дэвид Дэвис и заместитель министра по Brexit Стив Бейкер. Напомним, ранее премьер-министр Великобритании Тереза Мэй пообещала отправить в отставку главу МИД Соединенного Королевства Бориса Джонсона, если он попытается ослабить согласованную ее кабинетом коллективную позицию относительно будущих переговоров с ЕС.Об этом сообщает The Guardian, передает УНН. ""Сегодня днем премьер-министр принял отставку Бориса Джонсона с поста качестве министра иностранных дел. Его замена будет объявлена в ближайшее время. Премьер-министр благодарит Бориса за его работу"", - сообщил пресс-секретарь британского парламента.",ORG,UK-Foreign-Office
ru-1000,"Таким образом, Джонсон стал третьим министром, который покинул свой пост в течении суток. Раннее о своем уходе объявили министр по вопросам выхода Великобритании из ЕС Дэвид Дэвис и заместитель министра по Brexit Стив Бейкер. Напомним, ранее премьер-министр Великобритании Тереза Мэй пообещала отправить в отставку главу МИД Соединенного Королевства Бориса Джонсона, если он попытается ослабить согласованную ее кабинетом коллективную позицию относительно будущих переговоров с ЕС.Об этом сообщает The Guardian, передает УНН. ""Сегодня днем премьер-министр принял отставку Бориса Джонсона с поста качестве министра иностранных дел. Его замена будет объявлена в ближайшее время. Премьер-министр благодарит Бориса за его работу"", - сообщил пресс-секретарь британского парламента.",ORG,UK-Parliament
ru-1001,"Министр иностранных дел Великобритании Борис Джонсон ушел в отставку. Об этом сообщает Associated Press. Премьер-министр Тереза Мэй приняла отставку Джонсона. ""Премьер поблагодарила Бориса за работу. О том, кто станет новым министром, будет объявлено в ближайшее время"", - сообщили также в канцелярии премьера.Ранее Мэй пообещала отправить в отставку Джонсона, если он откажется принять ее позицию по плавному выходу из Евросоюза. Напомним, что Джонсон является сторонником жесткого Brexit . Он уверен, что план Мэй, который подразумевает создание зоны свободной торговли с ЕС, сохранит зависимость Соединенного Королевства от Евросоюза.",ORG,UK-Foreign-Office
ru-1001,"Министр иностранных дел Великобритании Борис Джонсон ушел в отставку. Об этом сообщает Associated Press. Премьер-министр Тереза Мэй приняла отставку Джонсона. ""Премьер поблагодарила Бориса за работу. О том, кто станет новым министром, будет объявлено в ближайшее время"", - сообщили также в канцелярии премьера.Ранее Мэй пообещала отправить в отставку Джонсона, если он откажется принять ее позицию по плавному выходу из Евросоюза. Напомним, что Джонсон является сторонником жесткого Brexit . Он уверен, что план Мэй, который подразумевает создание зоны свободной торговли с ЕС, сохранит зависимость Соединенного Королевства от Евросоюза.",LOC,GPE-Great-Britain
ru-1001,"Министр иностранных дел Великобритании Борис Джонсон ушел в отставку. Об этом сообщает Associated Press. Премьер-министр Тереза Мэй приняла отставку Джонсона. ""Премьер поблагодарила Бориса за работу. О том, кто станет новым министром, будет объявлено в ближайшее время"", - сообщили также в канцелярии премьера.Ранее Мэй пообещала отправить в отставку Джонсона, если он откажется принять ее позицию по плавному выходу из Евросоюза. Напомним, что Джонсон является сторонником жесткого Brexit . Он уверен, что план Мэй, который подразумевает создание зоны свободной торговли с ЕС, сохранит зависимость Соединенного Королевства от Евросоюза.",PER,PER-Boris-Johnson
ru-1001,"Министр иностранных дел Великобритании Борис Джонсон ушел в отставку. Об этом сообщает Associated Press. Премьер-министр Тереза Мэй приняла отставку Джонсона. ""Премьер поблагодарила Бориса за работу. О том, кто станет новым министром, будет объявлено в ближайшее время"", - сообщили также в канцелярии премьера.Ранее Мэй пообещала отправить в отставку Джонсона, если он откажется принять ее позицию по плавному выходу из Евросоюза. Напомним, что Джонсон является сторонником жесткого Brexit . Он уверен, что план Мэй, который подразумевает создание зоны свободной торговли с ЕС, сохранит зависимость Соединенного Королевства от Евросоюза.",ORG,AP-NewsAgency
ru-1001,"Министр иностранных дел Великобритании Борис Джонсон ушел в отставку. Об этом сообщает Associated Press. Премьер-министр Тереза Мэй приняла отставку Джонсона. ""Премьер поблагодарила Бориса за работу. О том, кто станет новым министром, будет объявлено в ближайшее время"", - сообщили также в канцелярии премьера.Ранее Мэй пообещала отправить в отставку Джонсона, если он откажется принять ее позицию по плавному выходу из Евросоюза. Напомним, что Джонсон является сторонником жесткого Brexit . Он уверен, что план Мэй, который подразумевает создание зоны свободной торговли с ЕС, сохранит зависимость Соединенного Королевства от Евросоюза.",PER,PER-Theresa-May
ru-1001,"Министр иностранных дел Великобритании Борис Джонсон ушел в отставку. Об этом сообщает Associated Press. Премьер-министр Тереза Мэй приняла отставку Джонсона. ""Премьер поблагодарила Бориса за работу. О том, кто станет новым министром, будет объявлено в ближайшее время"", - сообщили также в канцелярии премьера.Ранее Мэй пообещала отправить в отставку Джонсона, если он откажется принять ее позицию по плавному выходу из Евросоюза. Напомним, что Джонсон является сторонником жесткого Brexit . Он уверен, что план Мэй, который подразумевает создание зоны свободной торговли с ЕС, сохранит зависимость Соединенного Королевства от Евросоюза.",PER,PER-Boris-Johnson
ru-1001,"Министр иностранных дел Великобритании Борис Джонсон ушел в отставку. Об этом сообщает Associated Press. Премьер-министр Тереза Мэй приняла отставку Джонсона. ""Премьер поблагодарила Бориса за работу. О том, кто станет новым министром, будет объявлено в ближайшее время"", - сообщили также в канцелярии премьера.Ранее Мэй пообещала отправить в отставку Джонсона, если он откажется принять ее позицию по плавному выходу из Евросоюза. Напомним, что Джонсон является сторонником жесткого Brexit . Он уверен, что план Мэй, который подразумевает создание зоны свободной торговли с ЕС, сохранит зависимость Соединенного Королевства от Евросоюза.",ORG,UK-Premiers-Office
ru-1001,"Министр иностранных дел Великобритании Борис Джонсон ушел в отставку. Об этом сообщает Associated Press. Премьер-министр Тереза Мэй приняла отставку Джонсона. ""Премьер поблагодарила Бориса за работу. О том, кто станет новым министром, будет объявлено в ближайшее время"", - сообщили также в канцелярии премьера.Ранее Мэй пообещала отправить в отставку Джонсона, если он откажется принять ее позицию по плавному выходу из Евросоюза. Напомним, что Джонсон является сторонником жесткого Brexit . Он уверен, что план Мэй, который подразумевает создание зоны свободной торговли с ЕС, сохранит зависимость Соединенного Королевства от Евросоюза.",PER,PER-Theresa-May
ru-1001,"Министр иностранных дел Великобритании Борис Джонсон ушел в отставку. Об этом сообщает Associated Press. Премьер-министр Тереза Мэй приняла отставку Джонсона. ""Премьер поблагодарила Бориса за работу. О том, кто станет новым министром, будет объявлено в ближайшее время"", - сообщили также в канцелярии премьера.Ранее Мэй пообещала отправить в отставку Джонсона, если он откажется принять ее позицию по плавному выходу из Евросоюза. Напомним, что Джонсон является сторонником жесткого Brexit . Он уверен, что план Мэй, который подразумевает создание зоны свободной торговли с ЕС, сохранит зависимость Соединенного Королевства от Евросоюза.",ORG,EU-Commission
ru-1001,"Министр иностранных дел Великобритании Борис Джонсон ушел в отставку. Об этом сообщает Associated Press. Премьер-министр Тереза Мэй приняла отставку Джонсона. ""Премьер поблагодарила Бориса за работу. О том, кто станет новым министром, будет объявлено в ближайшее время"", - сообщили также в канцелярии премьера.Ранее Мэй пообещала отправить в отставку Джонсона, если он откажется принять ее позицию по плавному выходу из Евросоюза. Напомним, что Джонсон является сторонником жесткого Brexit . Он уверен, что план Мэй, который подразумевает создание зоны свободной торговли с ЕС, сохранит зависимость Соединенного Королевства от Евросоюза.",EVT,EVT-Brexit
ru-1001,"Министр иностранных дел Великобритании Борис Джонсон ушел в отставку. Об этом сообщает Associated Press. Премьер-министр Тереза Мэй приняла отставку Джонсона. ""Премьер поблагодарила Бориса за работу. О том, кто станет новым министром, будет объявлено в ближайшее время"", - сообщили также в канцелярии премьера.Ранее Мэй пообещала отправить в отставку Джонсона, если он откажется принять ее позицию по плавному выходу из Евросоюза. Напомним, что Джонсон является сторонником жесткого Brexit . Он уверен, что план Мэй, который подразумевает создание зоны свободной торговли с ЕС, сохранит зависимость Соединенного Королевства от Евросоюза.",PRO,PRO-MaysPlan
ru-1001,"Министр иностранных дел Великобритании Борис Джонсон ушел в отставку. Об этом сообщает Associated Press. Премьер-министр Тереза Мэй приняла отставку Джонсона. ""Премьер поблагодарила Бориса за работу. О том, кто станет новым министром, будет объявлено в ближайшее время"", - сообщили также в канцелярии премьера.Ранее Мэй пообещала отправить в отставку Джонсона, если он откажется принять ее позицию по плавному выходу из Евросоюза. Напомним, что Джонсон является сторонником жесткого Brexit . Он уверен, что план Мэй, который подразумевает создание зоны свободной торговли с ЕС, сохранит зависимость Соединенного Королевства от Евросоюза.",PRO,PRO-TradeZone
ru-1001,"Министр иностранных дел Великобритании Борис Джонсон ушел в отставку. Об этом сообщает Associated Press. Премьер-министр Тереза Мэй приняла отставку Джонсона. ""Премьер поблагодарила Бориса за работу. О том, кто станет новым министром, будет объявлено в ближайшее время"", - сообщили также в канцелярии премьера.Ранее Мэй пообещала отправить в отставку Джонсона, если он откажется принять ее позицию по плавному выходу из Евросоюза. Напомним, что Джонсон является сторонником жесткого Brexit . Он уверен, что план Мэй, который подразумевает создание зоны свободной торговли с ЕС, сохранит зависимость Соединенного Королевства от Евросоюза.",LOC,GPE-Great-Britain
ru-1001,"Министр иностранных дел Великобритании Борис Джонсон ушел в отставку. Об этом сообщает Associated Press. Премьер-министр Тереза Мэй приняла отставку Джонсона. ""Премьер поблагодарила Бориса за работу. О том, кто станет новым министром, будет объявлено в ближайшее время"", - сообщили также в канцелярии премьера.Ранее Мэй пообещала отправить в отставку Джонсона, если он откажется принять ее позицию по плавному выходу из Евросоюза. Напомним, что Джонсон является сторонником жесткого Brexit . Он уверен, что план Мэй, который подразумевает создание зоны свободной торговли с ЕС, сохранит зависимость Соединенного Королевства от Евросоюза.",ORG,EU-Commission
ru-1002,Премьер-министр Великобритании Тереза Мей приняла отставку министра иностранных дел Бориса Джонсона.Это связано с несогласием относительно планов отношения Великобритании и ЕС после официального выхода страны из Евросоюза. Ранее по этой же причине в отставку ушел британский министр по делам «Брекзит» Дэвид Дэвис.,PER,PER-UKPrimeMinister
ru-1002,Премьер-министр Великобритании Тереза Мей приняла отставку министра иностранных дел Бориса Джонсона.Это связано с несогласием относительно планов отношения Великобритании и ЕС после официального выхода страны из Евросоюза. Ранее по этой же причине в отставку ушел британский министр по делам «Брекзит» Дэвид Дэвис.,LOC,GPE-Great-Britain
ru-1002,Премьер-министр Великобритании Тереза Мей приняла отставку министра иностранных дел Бориса Джонсона.Это связано с несогласием относительно планов отношения Великобритании и ЕС после официального выхода страны из Евросоюза. Ранее по этой же причине в отставку ушел британский министр по делам «Брекзит» Дэвид Дэвис.,PER,PER-Theresa-May
ru-1002,Премьер-министр Великобритании Тереза Мей приняла отставку министра иностранных дел Бориса Джонсона.Это связано с несогласием относительно планов отношения Великобритании и ЕС после официального выхода страны из Евросоюза. Ранее по этой же причине в отставку ушел британский министр по делам «Брекзит» Дэвид Дэвис.,ORG,UK-Foreign-Office
ru-1002,Премьер-министр Великобритании Тереза Мей приняла отставку министра иностранных дел Бориса Джонсона.Это связано с несогласием относительно планов отношения Великобритании и ЕС после официального выхода страны из Евросоюза. Ранее по этой же причине в отставку ушел британский министр по делам «Брекзит» Дэвид Дэвис.,PER,PER-Boris-Johnson
ru-1002,Премьер-министр Великобритании Тереза Мей приняла отставку министра иностранных дел Бориса Джонсона.Это связано с несогласием относительно планов отношения Великобритании и ЕС после официального выхода страны из Евросоюза. Ранее по этой же причине в отставку ушел британский министр по делам «Брекзит» Дэвид Дэвис.,LOC,GPE-Great-Britain
ru-1002,Премьер-министр Великобритании Тереза Мей приняла отставку министра иностранных дел Бориса Джонсона.Это связано с несогласием относительно планов отношения Великобритании и ЕС после официального выхода страны из Евросоюза. Ранее по этой же причине в отставку ушел британский министр по делам «Брекзит» Дэвид Дэвис.,ORG,EU-Commission
ru-1002,Премьер-министр Великобритании Тереза Мей приняла отставку министра иностранных дел Бориса Джонсона.Это связано с несогласием относительно планов отношения Великобритании и ЕС после официального выхода страны из Евросоюза. Ранее по этой же причине в отставку ушел британский министр по делам «Брекзит» Дэвид Дэвис.,ORG,EU-Commission
ru-1002,Премьер-министр Великобритании Тереза Мей приняла отставку министра иностранных дел Бориса Джонсона.Это связано с несогласием относительно планов отношения Великобритании и ЕС после официального выхода страны из Евросоюза. Ранее по этой же причине в отставку ушел британский министр по делам «Брекзит» Дэвид Дэвис.,ORG,UK-BrexitDepartment
ru-1002,Премьер-министр Великобритании Тереза Мей приняла отставку министра иностранных дел Бориса Джонсона.Это связано с несогласием относительно планов отношения Великобритании и ЕС после официального выхода страны из Евросоюза. Ранее по этой же причине в отставку ушел британский министр по делам «Брекзит» Дэвид Дэвис.,PER,PER-David-Davis
ru-1003,"Об этом сообщает агентство Рейтер. Сегодня премьер Тереза Мэй приняла отставку. О преемнике будет объявлено позже. Мэй поблагодарила Джонсона за работу, — говорится в официальном заявлении Даунинг-Стрит. Борис Джонсон стал вторым министром, покинувшим пост на фоне обсуждения правительством деталей плана выхода Великобритании из Евросоюза. Первым это сделал министр по вопросам брекзита Дэвид Дэвис.",ORG,Reuters-NewsAgency
ru-1003,"Об этом сообщает агентство Рейтер. Сегодня премьер Тереза Мэй приняла отставку. О преемнике будет объявлено позже. Мэй поблагодарила Джонсона за работу, — говорится в официальном заявлении Даунинг-Стрит. Борис Джонсон стал вторым министром, покинувшим пост на фоне обсуждения правительством деталей плана выхода Великобритании из Евросоюза. Первым это сделал министр по вопросам брекзита Дэвид Дэвис.",PER,PER-Theresa-May
ru-1003,"Об этом сообщает агентство Рейтер. Сегодня премьер Тереза Мэй приняла отставку. О преемнике будет объявлено позже. Мэй поблагодарила Джонсона за работу, — говорится в официальном заявлении Даунинг-Стрит. Борис Джонсон стал вторым министром, покинувшим пост на фоне обсуждения правительством деталей плана выхода Великобритании из Евросоюза. Первым это сделал министр по вопросам брекзита Дэвид Дэвис.",PER,PER-Theresa-May
ru-1003,"Об этом сообщает агентство Рейтер. Сегодня премьер Тереза Мэй приняла отставку. О преемнике будет объявлено позже. Мэй поблагодарила Джонсона за работу, — говорится в официальном заявлении Даунинг-Стрит. Борис Джонсон стал вторым министром, покинувшим пост на фоне обсуждения правительством деталей плана выхода Великобритании из Евросоюза. Первым это сделал министр по вопросам брекзита Дэвид Дэвис.",PER,PER-Boris-Johnson
ru-1003,"Об этом сообщает агентство Рейтер. Сегодня премьер Тереза Мэй приняла отставку. О преемнике будет объявлено позже. Мэй поблагодарила Джонсона за работу, — говорится в официальном заявлении Даунинг-Стрит. Борис Джонсон стал вторым министром, покинувшим пост на фоне обсуждения правительством деталей плана выхода Великобритании из Евросоюза. Первым это сделал министр по вопросам брекзита Дэвид Дэвис.",PRO,PRO-Statement
ru-1003,"Об этом сообщает агентство Рейтер. Сегодня премьер Тереза Мэй приняла отставку. О преемнике будет объявлено позже. Мэй поблагодарила Джонсона за работу, — говорится в официальном заявлении Даунинг-Стрит. Борис Джонсон стал вторым министром, покинувшим пост на фоне обсуждения правительством деталей плана выхода Великобритании из Евросоюза. Первым это сделал министр по вопросам брекзита Дэвид Дэвис.",PER,PER-Boris-Johnson
ru-1003,"Об этом сообщает агентство Рейтер. Сегодня премьер Тереза Мэй приняла отставку. О преемнике будет объявлено позже. Мэй поблагодарила Джонсона за работу, — говорится в официальном заявлении Даунинг-Стрит. Борис Джонсон стал вторым министром, покинувшим пост на фоне обсуждения правительством деталей плана выхода Великобритании из Евросоюза. Первым это сделал министр по вопросам брекзита Дэвид Дэвис.",ORG,UK-GovernmentPosition
ru-1003,"Об этом сообщает агентство Рейтер. Сегодня премьер Тереза Мэй приняла отставку. О преемнике будет объявлено позже. Мэй поблагодарила Джонсона за работу, — говорится в официальном заявлении Даунинг-Стрит. Борис Джонсон стал вторым министром, покинувшим пост на фоне обсуждения правительством деталей плана выхода Великобритании из Евросоюза. Первым это сделал министр по вопросам брекзита Дэвид Дэвис.",ORG,UK-Government
ru-1003,"Об этом сообщает агентство Рейтер. Сегодня премьер Тереза Мэй приняла отставку. О преемнике будет объявлено позже. Мэй поблагодарила Джонсона за работу, — говорится в официальном заявлении Даунинг-Стрит. Борис Джонсон стал вторым министром, покинувшим пост на фоне обсуждения правительством деталей плана выхода Великобритании из Евросоюза. Первым это сделал министр по вопросам брекзита Дэвид Дэвис.",PRO,PRO-BrexitDetails
ru-1003,"Об этом сообщает агентство Рейтер. Сегодня премьер Тереза Мэй приняла отставку. О преемнике будет объявлено позже. Мэй поблагодарила Джонсона за работу, — говорится в официальном заявлении Даунинг-Стрит. Борис Джонсон стал вторым министром, покинувшим пост на фоне обсуждения правительством деталей плана выхода Великобритании из Евросоюза. Первым это сделал министр по вопросам брекзита Дэвид Дэвис.",ORG,EU-Commission
ru-1003,"Об этом сообщает агентство Рейтер. Сегодня премьер Тереза Мэй приняла отставку. О преемнике будет объявлено позже. Мэй поблагодарила Джонсона за работу, — говорится в официальном заявлении Даунинг-Стрит. Борис Джонсон стал вторым министром, покинувшим пост на фоне обсуждения правительством деталей плана выхода Великобритании из Евросоюза. Первым это сделал министр по вопросам брекзита Дэвид Дэвис.",ORG,UK-BrexitDepartment
ru-1003,"Об этом сообщает агентство Рейтер. Сегодня премьер Тереза Мэй приняла отставку. О преемнике будет объявлено позже. Мэй поблагодарила Джонсона за работу, — говорится в официальном заявлении Даунинг-Стрит. Борис Джонсон стал вторым министром, покинувшим пост на фоне обсуждения правительством деталей плана выхода Великобритании из Евросоюза. Первым это сделал министр по вопросам брекзита Дэвид Дэвис.",PER,PER-David-Davis
ru-1004,"Глава МИД Великобритании Борис Джонсон ушел в отставку, сообщает ТАСС со ссылкой на канцелярию премьер-министра страны Терезы Мэй.Имя нового министра обещают назвать в ближайшее время. Также сообщается, что Мэй поблагодарила Джонсона за работу.8 июля в отставку подал министр по вопросам Brexit Дэвид Дэвис. Причиной стало его несогласие с предложенным Мэй планом развития отношений с Евросоюзом после Brexit. Дэвис счел его слишком большой уступкой ЕС. Сообщалось, что Джонсон также резко раскритиковал план премьера. Сегодня экс-глава МИД должен был принять участие в пресс-конференции с коллегами из Германии и Польши на проходящем в Лондоне саммите по развитию региона Западных Балкан. В итоге Джонсон так и не пришел на мероприятие. Пост министра иностранных дел он занимал меньше двух лет. Политические аналитики полагают, что его отставка может привести к борьбе внутри правящей Консервативной партии за пост лидера, что в итоге станет причиной отставки Мэй с должности партийного руководителя и премьер-министра.",PER,PER-Boris-Johnson
ru-1004,"Глава МИД Великобритании Борис Джонсон ушел в отставку, сообщает ТАСС со ссылкой на канцелярию премьер-министра страны Терезы Мэй.Имя нового министра обещают назвать в ближайшее время. Также сообщается, что Мэй поблагодарила Джонсона за работу.8 июля в отставку подал министр по вопросам Brexit Дэвид Дэвис. Причиной стало его несогласие с предложенным Мэй планом развития отношений с Евросоюзом после Brexit. Дэвис счел его слишком большой уступкой ЕС. Сообщалось, что Джонсон также резко раскритиковал план премьера. Сегодня экс-глава МИД должен был принять участие в пресс-конференции с коллегами из Германии и Польши на проходящем в Лондоне саммите по развитию региона Западных Балкан. В итоге Джонсон так и не пришел на мероприятие. Пост министра иностранных дел он занимал меньше двух лет. Политические аналитики полагают, что его отставка может привести к борьбе внутри правящей Консервативной партии за пост лидера, что в итоге станет причиной отставки Мэй с должности партийного руководителя и премьер-министра.",PER,PER-Theresa-May
ru-1004,"Глава МИД Великобритании Борис Джонсон ушел в отставку, сообщает ТАСС со ссылкой на канцелярию премьер-министра страны Терезы Мэй.Имя нового министра обещают назвать в ближайшее время. Также сообщается, что Мэй поблагодарила Джонсона за работу.8 июля в отставку подал министр по вопросам Brexit Дэвид Дэвис. Причиной стало его несогласие с предложенным Мэй планом развития отношений с Евросоюзом после Brexit. Дэвис счел его слишком большой уступкой ЕС. Сообщалось, что Джонсон также резко раскритиковал план премьера. Сегодня экс-глава МИД должен был принять участие в пресс-конференции с коллегами из Германии и Польши на проходящем в Лондоне саммите по развитию региона Западных Балкан. В итоге Джонсон так и не пришел на мероприятие. Пост министра иностранных дел он занимал меньше двух лет. Политические аналитики полагают, что его отставка может привести к борьбе внутри правящей Консервативной партии за пост лидера, что в итоге станет причиной отставки Мэй с должности партийного руководителя и премьер-министра.",PER,PER-David-Davis
ru-1004,"Глава МИД Великобритании Борис Джонсон ушел в отставку, сообщает ТАСС со ссылкой на канцелярию премьер-министра страны Терезы Мэй.Имя нового министра обещают назвать в ближайшее время. Также сообщается, что Мэй поблагодарила Джонсона за работу.8 июля в отставку подал министр по вопросам Brexit Дэвид Дэвис. Причиной стало его несогласие с предложенным Мэй планом развития отношений с Евросоюзом после Brexit. Дэвис счел его слишком большой уступкой ЕС. Сообщалось, что Джонсон также резко раскритиковал план премьера. Сегодня экс-глава МИД должен был принять участие в пресс-конференции с коллегами из Германии и Польши на проходящем в Лондоне саммите по развитию региона Западных Балкан. В итоге Джонсон так и не пришел на мероприятие. Пост министра иностранных дел он занимал меньше двух лет. Политические аналитики полагают, что его отставка может привести к борьбе внутри правящей Консервативной партии за пост лидера, что в итоге станет причиной отставки Мэй с должности партийного руководителя и премьер-министра.",ORG,ORG-EU
ru-1004,"Глава МИД Великобритании Борис Джонсон ушел в отставку, сообщает ТАСС со ссылкой на канцелярию премьер-министра страны Терезы Мэй.Имя нового министра обещают назвать в ближайшее время. Также сообщается, что Мэй поблагодарила Джонсона за работу.8 июля в отставку подал министр по вопросам Brexit Дэвид Дэвис. Причиной стало его несогласие с предложенным Мэй планом развития отношений с Евросоюзом после Brexit. Дэвис счел его слишком большой уступкой ЕС. Сообщалось, что Джонсон также резко раскритиковал план премьера. Сегодня экс-глава МИД должен был принять участие в пресс-конференции с коллегами из Германии и Польши на проходящем в Лондоне саммите по развитию региона Западных Балкан. В итоге Джонсон так и не пришел на мероприятие. Пост министра иностранных дел он занимал меньше двух лет. Политические аналитики полагают, что его отставка может привести к борьбе внутри правящей Консервативной партии за пост лидера, что в итоге станет причиной отставки Мэй с должности партийного руководителя и премьер-министра.",EVT,EVT-Brexit
ru-1004,"Глава МИД Великобритании Борис Джонсон ушел в отставку, сообщает ТАСС со ссылкой на канцелярию премьер-министра страны Терезы Мэй.Имя нового министра обещают назвать в ближайшее время. Также сообщается, что Мэй поблагодарила Джонсона за работу.8 июля в отставку подал министр по вопросам Brexit Дэвид Дэвис. Причиной стало его несогласие с предложенным Мэй планом развития отношений с Евросоюзом после Brexit. Дэвис счел его слишком большой уступкой ЕС. Сообщалось, что Джонсон также резко раскритиковал план премьера. Сегодня экс-глава МИД должен был принять участие в пресс-конференции с коллегами из Германии и Польши на проходящем в Лондоне саммите по развитию региона Западных Балкан. В итоге Джонсон так и не пришел на мероприятие. Пост министра иностранных дел он занимал меньше двух лет. Политические аналитики полагают, что его отставка может привести к борьбе внутри правящей Консервативной партии за пост лидера, что в итоге станет причиной отставки Мэй с должности партийного руководителя и премьер-министра.",LOC,GPE-Great-Britain
ru-1005,"Глава британского правительства Тереза Мэй поблагодарила за работу покинувших правительство Бориса Джонсона и Дэвида Дэвиса, но отметила несогласие с ними по вопросам Brexit.Тереза Мэй во время обращения к членам парламента по вопросам выхода Великобритании из Евросоюза сообщила, что имела разногласия с Борисом Джонсоном и Дэвидом Дэвисом, которые ранее подали в отставку с министерских постов. Мы с ними не согласны, — сказала она в парламенте, говоря о позициях экс-главы МИД и бывшего министра по вопросам Brexit. Во время выступления Мэй также поблагодарила Джонсона за страсть, с которой он работал, а Дэвиса — за достигнутые успехи на пути к Brexit. Ранее СМИ сообщали, что Джонсон решил уйти в отставку, так как был . По той же причине накануне Ранее Тереза Мэй объявила членам кабмина, что те, кто не поддерживает планов по созданию зоны свободной торговли с Евросоюзом, План британского правительства предусматривает сохранение тесных экономических связей и создание зоны свободной торговли Великобритании с европейскими странами после ее выхода из ЕС. Это противоречит позиции сторонников жесткого Brexit, таких как Борис Джонсон. Они уверены, что предлагаемая стратегия сохранит зависимость Великобритании от Евросоюза.",PER,PER-Theresa-May
ru-1005,"Глава британского правительства Тереза Мэй поблагодарила за работу покинувших правительство Бориса Джонсона и Дэвида Дэвиса, но отметила несогласие с ними по вопросам Brexit.Тереза Мэй во время обращения к членам парламента по вопросам выхода Великобритании из Евросоюза сообщила, что имела разногласия с Борисом Джонсоном и Дэвидом Дэвисом, которые ранее подали в отставку с министерских постов. Мы с ними не согласны, — сказала она в парламенте, говоря о позициях экс-главы МИД и бывшего министра по вопросам Brexit. Во время выступления Мэй также поблагодарила Джонсона за страсть, с которой он работал, а Дэвиса — за достигнутые успехи на пути к Brexit. Ранее СМИ сообщали, что Джонсон решил уйти в отставку, так как был . По той же причине накануне Ранее Тереза Мэй объявила членам кабмина, что те, кто не поддерживает планов по созданию зоны свободной торговли с Евросоюзом, План британского правительства предусматривает сохранение тесных экономических связей и создание зоны свободной торговли Великобритании с европейскими странами после ее выхода из ЕС. Это противоречит позиции сторонников жесткого Brexit, таких как Борис Джонсон. Они уверены, что предлагаемая стратегия сохранит зависимость Великобритании от Евросоюза.",PER,PER-Boris-Johnson
ru-1005,"Глава британского правительства Тереза Мэй поблагодарила за работу покинувших правительство Бориса Джонсона и Дэвида Дэвиса, но отметила несогласие с ними по вопросам Brexit.Тереза Мэй во время обращения к членам парламента по вопросам выхода Великобритании из Евросоюза сообщила, что имела разногласия с Борисом Джонсоном и Дэвидом Дэвисом, которые ранее подали в отставку с министерских постов. Мы с ними не согласны, — сказала она в парламенте, говоря о позициях экс-главы МИД и бывшего министра по вопросам Brexit. Во время выступления Мэй также поблагодарила Джонсона за страсть, с которой он работал, а Дэвиса — за достигнутые успехи на пути к Brexit. Ранее СМИ сообщали, что Джонсон решил уйти в отставку, так как был . По той же причине накануне Ранее Тереза Мэй объявила членам кабмина, что те, кто не поддерживает планов по созданию зоны свободной торговли с Евросоюзом, План британского правительства предусматривает сохранение тесных экономических связей и создание зоны свободной торговли Великобритании с европейскими странами после ее выхода из ЕС. Это противоречит позиции сторонников жесткого Brexit, таких как Борис Джонсон. Они уверены, что предлагаемая стратегия сохранит зависимость Великобритании от Евросоюза.",PER,PER-David-Davis
ru-1005,"Глава британского правительства Тереза Мэй поблагодарила за работу покинувших правительство Бориса Джонсона и Дэвида Дэвиса, но отметила несогласие с ними по вопросам Brexit.Тереза Мэй во время обращения к членам парламента по вопросам выхода Великобритании из Евросоюза сообщила, что имела разногласия с Борисом Джонсоном и Дэвидом Дэвисом, которые ранее подали в отставку с министерских постов. Мы с ними не согласны, — сказала она в парламенте, говоря о позициях экс-главы МИД и бывшего министра по вопросам Brexit. Во время выступления Мэй также поблагодарила Джонсона за страсть, с которой он работал, а Дэвиса — за достигнутые успехи на пути к Brexit. Ранее СМИ сообщали, что Джонсон решил уйти в отставку, так как был . По той же причине накануне Ранее Тереза Мэй объявила членам кабмина, что те, кто не поддерживает планов по созданию зоны свободной торговли с Евросоюзом, План британского правительства предусматривает сохранение тесных экономических связей и создание зоны свободной торговли Великобритании с европейскими странами после ее выхода из ЕС. Это противоречит позиции сторонников жесткого Brexit, таких как Борис Джонсон. Они уверены, что предлагаемая стратегия сохранит зависимость Великобритании от Евросоюза.",LOC,GPE-Great-Britain
ru-1005,"Глава британского правительства Тереза Мэй поблагодарила за работу покинувших правительство Бориса Джонсона и Дэвида Дэвиса, но отметила несогласие с ними по вопросам Brexit.Тереза Мэй во время обращения к членам парламента по вопросам выхода Великобритании из Евросоюза сообщила, что имела разногласия с Борисом Джонсоном и Дэвидом Дэвисом, которые ранее подали в отставку с министерских постов. Мы с ними не согласны, — сказала она в парламенте, говоря о позициях экс-главы МИД и бывшего министра по вопросам Brexit. Во время выступления Мэй также поблагодарила Джонсона за страсть, с которой он работал, а Дэвиса — за достигнутые успехи на пути к Brexit. Ранее СМИ сообщали, что Джонсон решил уйти в отставку, так как был . По той же причине накануне Ранее Тереза Мэй объявила членам кабмина, что те, кто не поддерживает планов по созданию зоны свободной торговли с Евросоюзом, План британского правительства предусматривает сохранение тесных экономических связей и создание зоны свободной торговли Великобритании с европейскими странами после ее выхода из ЕС. Это противоречит позиции сторонников жесткого Brexit, таких как Борис Джонсон. Они уверены, что предлагаемая стратегия сохранит зависимость Великобритании от Евросоюза.",ORG,ORG-EU
ru-1005,"Глава британского правительства Тереза Мэй поблагодарила за работу покинувших правительство Бориса Джонсона и Дэвида Дэвиса, но отметила несогласие с ними по вопросам Brexit.Тереза Мэй во время обращения к членам парламента по вопросам выхода Великобритании из Евросоюза сообщила, что имела разногласия с Борисом Джонсоном и Дэвидом Дэвисом, которые ранее подали в отставку с министерских постов. Мы с ними не согласны, — сказала она в парламенте, говоря о позициях экс-главы МИД и бывшего министра по вопросам Brexit. Во время выступления Мэй также поблагодарила Джонсона за страсть, с которой он работал, а Дэвиса — за достигнутые успехи на пути к Brexit. Ранее СМИ сообщали, что Джонсон решил уйти в отставку, так как был . По той же причине накануне Ранее Тереза Мэй объявила членам кабмина, что те, кто не поддерживает планов по созданию зоны свободной торговли с Евросоюзом, План британского правительства предусматривает сохранение тесных экономических связей и создание зоны свободной торговли Великобритании с европейскими странами после ее выхода из ЕС. Это противоречит позиции сторонников жесткого Brexit, таких как Борис Джонсон. Они уверены, что предлагаемая стратегия сохранит зависимость Великобритании от Евросоюза.",EVT,EVT-Brexit
ru-1006,"Официальный представитель МИД России Мария Захарова прокомментировала в своем Facebook решение министра иностранных дел Великобритании Бориса Джонсона уйти в отставку. Захарова написала: Учитывая его лирический склад и любовь к русской литературе, вспомнились строки ""не вынесла душа поэта"", которые хочется завершить на слове ""позора"". Помните, мы говорили о том, что вся эта грязная многокомпонентная интрига плачевно закончится для правительства Т. Мэй?. По мнению Захаровой, в Британии все отчетливее проступают контуры правительственного кризиса, причем оставаться в этой дырявой шлюпке не захотел даже британский король политической эксцентрики. Напомним, Борис Джонсон стал третьим по счету министром в кабинете Мэй, покинувшим свой пост в знак протеста против условий Brexit.",ORG,ORG-Russian-Foreign-Affairs-Ministry
ru-1006,"Официальный представитель МИД России Мария Захарова прокомментировала в своем Facebook решение министра иностранных дел Великобритании Бориса Джонсона уйти в отставку. Захарова написала: Учитывая его лирический склад и любовь к русской литературе, вспомнились строки ""не вынесла душа поэта"", которые хочется завершить на слове ""позора"". Помните, мы говорили о том, что вся эта грязная многокомпонентная интрига плачевно закончится для правительства Т. Мэй?. По мнению Захаровой, в Британии все отчетливее проступают контуры правительственного кризиса, причем оставаться в этой дырявой шлюпке не захотел даже британский король политической эксцентрики. Напомним, Борис Джонсон стал третьим по счету министром в кабинете Мэй, покинувшим свой пост в знак протеста против условий Brexit.",PER,PER-Maria-Zakharova
ru-1006,"Официальный представитель МИД России Мария Захарова прокомментировала в своем Facebook решение министра иностранных дел Великобритании Бориса Джонсона уйти в отставку. Захарова написала: Учитывая его лирический склад и любовь к русской литературе, вспомнились строки ""не вынесла душа поэта"", которые хочется завершить на слове ""позора"". Помните, мы говорили о том, что вся эта грязная многокомпонентная интрига плачевно закончится для правительства Т. Мэй?. По мнению Захаровой, в Британии все отчетливее проступают контуры правительственного кризиса, причем оставаться в этой дырявой шлюпке не захотел даже британский король политической эксцентрики. Напомним, Борис Джонсон стал третьим по счету министром в кабинете Мэй, покинувшим свой пост в знак протеста против условий Brexit.",PRO,PRO-Facebook
ru-1006,"Официальный представитель МИД России Мария Захарова прокомментировала в своем Facebook решение министра иностранных дел Великобритании Бориса Джонсона уйти в отставку. Захарова написала: Учитывая его лирический склад и любовь к русской литературе, вспомнились строки ""не вынесла душа поэта"", которые хочется завершить на слове ""позора"". Помните, мы говорили о том, что вся эта грязная многокомпонентная интрига плачевно закончится для правительства Т. Мэй?. По мнению Захаровой, в Британии все отчетливее проступают контуры правительственного кризиса, причем оставаться в этой дырявой шлюпке не захотел даже британский король политической эксцентрики. Напомним, Борис Джонсон стал третьим по счету министром в кабинете Мэй, покинувшим свой пост в знак протеста против условий Brexit.",PER,PER-Boris-Johnson
ru-1006,"Официальный представитель МИД России Мария Захарова прокомментировала в своем Facebook решение министра иностранных дел Великобритании Бориса Джонсона уйти в отставку. Захарова написала: Учитывая его лирический склад и любовь к русской литературе, вспомнились строки ""не вынесла душа поэта"", которые хочется завершить на слове ""позора"". Помните, мы говорили о том, что вся эта грязная многокомпонентная интрига плачевно закончится для правительства Т. Мэй?. По мнению Захаровой, в Британии все отчетливее проступают контуры правительственного кризиса, причем оставаться в этой дырявой шлюпке не захотел даже британский король политической эксцентрики. Напомним, Борис Джонсон стал третьим по счету министром в кабинете Мэй, покинувшим свой пост в знак протеста против условий Brexit.",PER,PER-Theresa-May
ru-1006,"Официальный представитель МИД России Мария Захарова прокомментировала в своем Facebook решение министра иностранных дел Великобритании Бориса Джонсона уйти в отставку. Захарова написала: Учитывая его лирический склад и любовь к русской литературе, вспомнились строки ""не вынесла душа поэта"", которые хочется завершить на слове ""позора"". Помните, мы говорили о том, что вся эта грязная многокомпонентная интрига плачевно закончится для правительства Т. Мэй?. По мнению Захаровой, в Британии все отчетливее проступают контуры правительственного кризиса, причем оставаться в этой дырявой шлюпке не захотел даже британский король политической эксцентрики. Напомним, Борис Джонсон стал третьим по счету министром в кабинете Мэй, покинувшим свой пост в знак протеста против условий Brexit.",LOC,GPE-Great-Britain
ru-1006,"Официальный представитель МИД России Мария Захарова прокомментировала в своем Facebook решение министра иностранных дел Великобритании Бориса Джонсона уйти в отставку. Захарова написала: Учитывая его лирический склад и любовь к русской литературе, вспомнились строки ""не вынесла душа поэта"", которые хочется завершить на слове ""позора"". Помните, мы говорили о том, что вся эта грязная многокомпонентная интрига плачевно закончится для правительства Т. Мэй?. По мнению Захаровой, в Британии все отчетливее проступают контуры правительственного кризиса, причем оставаться в этой дырявой шлюпке не захотел даже британский король политической эксцентрики. Напомним, Борис Джонсон стал третьим по счету министром в кабинете Мэй, покинувшим свой пост в знак протеста против условий Brexit.",EVT,EVT-Brexit
ru-1010,"Мэй прокомментировала отставку главы МИД Великобритании. Сегодня, 17:22Борис Джонсон ушел с поста министра иностранных делФото: AFP. Борис Джонсон ушел в отставку с поста министра иностранных дел Великобритании, став третьим министром за последнее время, который покинул правительство. Об этом пишет The Guardian. ""Сегодня днем премьер-министр приняла отставку Бориса Джонсона как министра иностранных дел. Его замена будет объявлена в ближайшее время. Премьер-министр благодарит Борису за работу"" , заявил пресс-секретарь Даунинг-стрит. Премьер-министр достигла компромисса со своим глубоко разделенным Кабинетом министров на встрече в пятницу, но после консультаций с друзьями и союзниками Джонсон решил, что не может продвигать планы Мэй по Brexit. Он сказал, новая правительственная стратегиея сотрудничества Великобритании с ЕС после Brexit это ""попытка сделать из дерьма конфетку"". Ранее стало известно, что 9 июля . Он считает, что Тереза Мэй идет на значительные уступки Брюсселю. Официальная причина ухода в отставку одной из ключевых фигур британского правительства пока неизвестна. Источник сообщил, что поводом для данного решения стали результаты переговоров в резиденции Чекерс, где Вместо Дэвиса сегодня назначен 44-летний Доминик Рааб, который ранее занимал должность министра с вопросам жилищной политики.",PER,PER-Boris-Johnson
ru-1010,"Мэй прокомментировала отставку главы МИД Великобритании. Сегодня, 17:22Борис Джонсон ушел с поста министра иностранных делФото: AFP. Борис Джонсон ушел в отставку с поста министра иностранных дел Великобритании, став третьим министром за последнее время, который покинул правительство. Об этом пишет The Guardian. ""Сегодня днем премьер-министр приняла отставку Бориса Джонсона как министра иностранных дел. Его замена будет объявлена в ближайшее время. Премьер-министр благодарит Борису за работу"" , заявил пресс-секретарь Даунинг-стрит. Премьер-министр достигла компромисса со своим глубоко разделенным Кабинетом министров на встрече в пятницу, но после консультаций с друзьями и союзниками Джонсон решил, что не может продвигать планы Мэй по Brexit. Он сказал, новая правительственная стратегиея сотрудничества Великобритании с ЕС после Brexit это ""попытка сделать из дерьма конфетку"". Ранее стало известно, что 9 июля . Он считает, что Тереза Мэй идет на значительные уступки Брюсселю. Официальная причина ухода в отставку одной из ключевых фигур британского правительства пока неизвестна. Источник сообщил, что поводом для данного решения стали результаты переговоров в резиденции Чекерс, где Вместо Дэвиса сегодня назначен 44-летний Доминик Рааб, который ранее занимал должность министра с вопросам жилищной политики.",LOC,GPE-Great-Britain
ru-1010,"Мэй прокомментировала отставку главы МИД Великобритании. Сегодня, 17:22Борис Джонсон ушел с поста министра иностранных делФото: AFP. Борис Джонсон ушел в отставку с поста министра иностранных дел Великобритании, став третьим министром за последнее время, который покинул правительство. Об этом пишет The Guardian. ""Сегодня днем премьер-министр приняла отставку Бориса Джонсона как министра иностранных дел. Его замена будет объявлена в ближайшее время. Премьер-министр благодарит Борису за работу"" , заявил пресс-секретарь Даунинг-стрит. Премьер-министр достигла компромисса со своим глубоко разделенным Кабинетом министров на встрече в пятницу, но после консультаций с друзьями и союзниками Джонсон решил, что не может продвигать планы Мэй по Brexit. Он сказал, новая правительственная стратегиея сотрудничества Великобритании с ЕС после Brexit это ""попытка сделать из дерьма конфетку"". Ранее стало известно, что 9 июля . Он считает, что Тереза Мэй идет на значительные уступки Брюсселю. Официальная причина ухода в отставку одной из ключевых фигур британского правительства пока неизвестна. Источник сообщил, что поводом для данного решения стали результаты переговоров в резиденции Чекерс, где Вместо Дэвиса сегодня назначен 44-летний Доминик Рааб, который ранее занимал должность министра с вопросам жилищной политики.",PRO,PRO-The-Guardian
ru-1010,"Мэй прокомментировала отставку главы МИД Великобритании. Сегодня, 17:22Борис Джонсон ушел с поста министра иностранных делФото: AFP. Борис Джонсон ушел в отставку с поста министра иностранных дел Великобритании, став третьим министром за последнее время, который покинул правительство. Об этом пишет The Guardian. ""Сегодня днем премьер-министр приняла отставку Бориса Джонсона как министра иностранных дел. Его замена будет объявлена в ближайшее время. Премьер-министр благодарит Борису за работу"" , заявил пресс-секретарь Даунинг-стрит. Премьер-министр достигла компромисса со своим глубоко разделенным Кабинетом министров на встрече в пятницу, но после консультаций с друзьями и союзниками Джонсон решил, что не может продвигать планы Мэй по Brexit. Он сказал, новая правительственная стратегиея сотрудничества Великобритании с ЕС после Brexit это ""попытка сделать из дерьма конфетку"". Ранее стало известно, что 9 июля . Он считает, что Тереза Мэй идет на значительные уступки Брюсселю. Официальная причина ухода в отставку одной из ключевых фигур британского правительства пока неизвестна. Источник сообщил, что поводом для данного решения стали результаты переговоров в резиденции Чекерс, где Вместо Дэвиса сегодня назначен 44-летний Доминик Рааб, который ранее занимал должность министра с вопросам жилищной политики.",LOC,LOC-10-Downing-Street
ru-1010,"Мэй прокомментировала отставку главы МИД Великобритании. Сегодня, 17:22Борис Джонсон ушел с поста министра иностранных делФото: AFP. Борис Джонсон ушел в отставку с поста министра иностранных дел Великобритании, став третьим министром за последнее время, который покинул правительство. Об этом пишет The Guardian. ""Сегодня днем премьер-министр приняла отставку Бориса Джонсона как министра иностранных дел. Его замена будет объявлена в ближайшее время. Премьер-министр благодарит Борису за работу"" , заявил пресс-секретарь Даунинг-стрит. Премьер-министр достигла компромисса со своим глубоко разделенным Кабинетом министров на встрече в пятницу, но после консультаций с друзьями и союзниками Джонсон решил, что не может продвигать планы Мэй по Brexit. Он сказал, новая правительственная стратегиея сотрудничества Великобритании с ЕС после Brexit это ""попытка сделать из дерьма конфетку"". Ранее стало известно, что 9 июля . Он считает, что Тереза Мэй идет на значительные уступки Брюсселю. Официальная причина ухода в отставку одной из ключевых фигур британского правительства пока неизвестна. Источник сообщил, что поводом для данного решения стали результаты переговоров в резиденции Чекерс, где Вместо Дэвиса сегодня назначен 44-летний Доминик Рааб, который ранее занимал должность министра с вопросам жилищной политики.",ORG,ORG-EU
ru-1010,"Мэй прокомментировала отставку главы МИД Великобритании. Сегодня, 17:22Борис Джонсон ушел с поста министра иностранных делФото: AFP. Борис Джонсон ушел в отставку с поста министра иностранных дел Великобритании, став третьим министром за последнее время, который покинул правительство. Об этом пишет The Guardian. ""Сегодня днем премьер-министр приняла отставку Бориса Джонсона как министра иностранных дел. Его замена будет объявлена в ближайшее время. Премьер-министр благодарит Борису за работу"" , заявил пресс-секретарь Даунинг-стрит. Премьер-министр достигла компромисса со своим глубоко разделенным Кабинетом министров на встрече в пятницу, но после консультаций с друзьями и союзниками Джонсон решил, что не может продвигать планы Мэй по Brexit. Он сказал, новая правительственная стратегиея сотрудничества Великобритании с ЕС после Brexit это ""попытка сделать из дерьма конфетку"". Ранее стало известно, что 9 июля . Он считает, что Тереза Мэй идет на значительные уступки Брюсселю. Официальная причина ухода в отставку одной из ключевых фигур британского правительства пока неизвестна. Источник сообщил, что поводом для данного решения стали результаты переговоров в резиденции Чекерс, где Вместо Дэвиса сегодня назначен 44-летний Доминик Рааб, который ранее занимал должность министра с вопросам жилищной политики.",EVT,EVT-Brexit
ru-1010,"Мэй прокомментировала отставку главы МИД Великобритании. Сегодня, 17:22Борис Джонсон ушел с поста министра иностранных делФото: AFP. Борис Джонсон ушел в отставку с поста министра иностранных дел Великобритании, став третьим министром за последнее время, который покинул правительство. Об этом пишет The Guardian. ""Сегодня днем премьер-министр приняла отставку Бориса Джонсона как министра иностранных дел. Его замена будет объявлена в ближайшее время. Премьер-министр благодарит Борису за работу"" , заявил пресс-секретарь Даунинг-стрит. Премьер-министр достигла компромисса со своим глубоко разделенным Кабинетом министров на встрече в пятницу, но после консультаций с друзьями и союзниками Джонсон решил, что не может продвигать планы Мэй по Brexit. Он сказал, новая правительственная стратегиея сотрудничества Великобритании с ЕС после Brexit это ""попытка сделать из дерьма конфетку"". Ранее стало известно, что 9 июля . Он считает, что Тереза Мэй идет на значительные уступки Брюсселю. Официальная причина ухода в отставку одной из ключевых фигур британского правительства пока неизвестна. Источник сообщил, что поводом для данного решения стали результаты переговоров в резиденции Чекерс, где Вместо Дэвиса сегодня назначен 44-летний Доминик Рааб, который ранее занимал должность министра с вопросам жилищной политики.",PER,PER-Dominic-Raab
ru-1011,"Комментируя отставку министра иностранных дел Великобритании Бориса Джонсона, британские СМИ напоминают, что он был одним из самых ярких противников планов премьер-министра Великобритании Терезы Мэй, которая планировала мягкий выход из ЕС. Так, СМИ полагают, что отставка Джонсона, которая последовала сразу же за отставкой министра по выходу Великобритании из ЕС, повысит чувство кризиса в политической элите Великобритании. В дальнейшем это должно претвориться в отставку самой Терезы Мэй, уверено издание The Guardian. Издание называет такое развитие событий самым негативным последствием Brexit. Отметим, что перед отставкой Борис Джонсон уже не стеснялся и открыто критиковал Терезу Мэй, сообщают британские СМИ. Напомним, что до Джонсона поджал в отставку министр по выходу Великобритании из ЕС Дэвид Дэвис. Его отставка состоялась буквально накануне того, как Тереза Мэй должна была Палате общин, в ходе которого она должна представить только что одобренную кабинетом министров стратегию выхода страны из Евросоюза. Разногласия Мэй с Дэвисом и Джонсоном были принципиального характера. Мэй предложила мягкий вариант выхода, суть которого заключается в том, что создание создаются зоны свободной торговли с ЕС для промышленных и сельскохозяйственных товаров, а также сохраняются таможенные стандартов ЕС на границе с Великобританией. В то время как два ключевых министра, которые теперь в отставке, считают такую стратегию ослабляющей страну, она не позволит влиять на решения ЕС. Сам выход Великобритании из ЕС будет оформлен 29 марта.",PER,PER-Boris-Johnson
ru-1011,"Комментируя отставку министра иностранных дел Великобритании Бориса Джонсона, британские СМИ напоминают, что он был одним из самых ярких противников планов премьер-министра Великобритании Терезы Мэй, которая планировала мягкий выход из ЕС. Так, СМИ полагают, что отставка Джонсона, которая последовала сразу же за отставкой министра по выходу Великобритании из ЕС, повысит чувство кризиса в политической элите Великобритании. В дальнейшем это должно претвориться в отставку самой Терезы Мэй, уверено издание The Guardian. Издание называет такое развитие событий самым негативным последствием Brexit. Отметим, что перед отставкой Борис Джонсон уже не стеснялся и открыто критиковал Терезу Мэй, сообщают британские СМИ. Напомним, что до Джонсона поджал в отставку министр по выходу Великобритании из ЕС Дэвид Дэвис. Его отставка состоялась буквально накануне того, как Тереза Мэй должна была Палате общин, в ходе которого она должна представить только что одобренную кабинетом министров стратегию выхода страны из Евросоюза. Разногласия Мэй с Дэвисом и Джонсоном были принципиального характера. Мэй предложила мягкий вариант выхода, суть которого заключается в том, что создание создаются зоны свободной торговли с ЕС для промышленных и сельскохозяйственных товаров, а также сохраняются таможенные стандартов ЕС на границе с Великобританией. В то время как два ключевых министра, которые теперь в отставке, считают такую стратегию ослабляющей страну, она не позволит влиять на решения ЕС. Сам выход Великобритании из ЕС будет оформлен 29 марта.",LOC,GPE-Great-Britain
ru-1011,"Комментируя отставку министра иностранных дел Великобритании Бориса Джонсона, британские СМИ напоминают, что он был одним из самых ярких противников планов премьер-министра Великобритании Терезы Мэй, которая планировала мягкий выход из ЕС. Так, СМИ полагают, что отставка Джонсона, которая последовала сразу же за отставкой министра по выходу Великобритании из ЕС, повысит чувство кризиса в политической элите Великобритании. В дальнейшем это должно претвориться в отставку самой Терезы Мэй, уверено издание The Guardian. Издание называет такое развитие событий самым негативным последствием Brexit. Отметим, что перед отставкой Борис Джонсон уже не стеснялся и открыто критиковал Терезу Мэй, сообщают британские СМИ. Напомним, что до Джонсона поджал в отставку министр по выходу Великобритании из ЕС Дэвид Дэвис. Его отставка состоялась буквально накануне того, как Тереза Мэй должна была Палате общин, в ходе которого она должна представить только что одобренную кабинетом министров стратегию выхода страны из Евросоюза. Разногласия Мэй с Дэвисом и Джонсоном были принципиального характера. Мэй предложила мягкий вариант выхода, суть которого заключается в том, что создание создаются зоны свободной торговли с ЕС для промышленных и сельскохозяйственных товаров, а также сохраняются таможенные стандартов ЕС на границе с Великобританией. В то время как два ключевых министра, которые теперь в отставке, считают такую стратегию ослабляющей страну, она не позволит влиять на решения ЕС. Сам выход Великобритании из ЕС будет оформлен 29 марта.",PER,PER-Theresa-May
ru-1011,"Комментируя отставку министра иностранных дел Великобритании Бориса Джонсона, британские СМИ напоминают, что он был одним из самых ярких противников планов премьер-министра Великобритании Терезы Мэй, которая планировала мягкий выход из ЕС. Так, СМИ полагают, что отставка Джонсона, которая последовала сразу же за отставкой министра по выходу Великобритании из ЕС, повысит чувство кризиса в политической элите Великобритании. В дальнейшем это должно претвориться в отставку самой Терезы Мэй, уверено издание The Guardian. Издание называет такое развитие событий самым негативным последствием Brexit. Отметим, что перед отставкой Борис Джонсон уже не стеснялся и открыто критиковал Терезу Мэй, сообщают британские СМИ. Напомним, что до Джонсона поджал в отставку министр по выходу Великобритании из ЕС Дэвид Дэвис. Его отставка состоялась буквально накануне того, как Тереза Мэй должна была Палате общин, в ходе которого она должна представить только что одобренную кабинетом министров стратегию выхода страны из Евросоюза. Разногласия Мэй с Дэвисом и Джонсоном были принципиального характера. Мэй предложила мягкий вариант выхода, суть которого заключается в том, что создание создаются зоны свободной торговли с ЕС для промышленных и сельскохозяйственных товаров, а также сохраняются таможенные стандартов ЕС на границе с Великобританией. В то время как два ключевых министра, которые теперь в отставке, считают такую стратегию ослабляющей страну, она не позволит влиять на решения ЕС. Сам выход Великобритании из ЕС будет оформлен 29 марта.",ORG,ORG-EU
ru-1011,"Комментируя отставку министра иностранных дел Великобритании Бориса Джонсона, британские СМИ напоминают, что он был одним из самых ярких противников планов премьер-министра Великобритании Терезы Мэй, которая планировала мягкий выход из ЕС. Так, СМИ полагают, что отставка Джонсона, которая последовала сразу же за отставкой министра по выходу Великобритании из ЕС, повысит чувство кризиса в политической элите Великобритании. В дальнейшем это должно претвориться в отставку самой Терезы Мэй, уверено издание The Guardian. Издание называет такое развитие событий самым негативным последствием Brexit. Отметим, что перед отставкой Борис Джонсон уже не стеснялся и открыто критиковал Терезу Мэй, сообщают британские СМИ. Напомним, что до Джонсона поджал в отставку министр по выходу Великобритании из ЕС Дэвид Дэвис. Его отставка состоялась буквально накануне того, как Тереза Мэй должна была Палате общин, в ходе которого она должна представить только что одобренную кабинетом министров стратегию выхода страны из Евросоюза. Разногласия Мэй с Дэвисом и Джонсоном были принципиального характера. Мэй предложила мягкий вариант выхода, суть которого заключается в том, что создание создаются зоны свободной торговли с ЕС для промышленных и сельскохозяйственных товаров, а также сохраняются таможенные стандартов ЕС на границе с Великобританией. В то время как два ключевых министра, которые теперь в отставке, считают такую стратегию ослабляющей страну, она не позволит влиять на решения ЕС. Сам выход Великобритании из ЕС будет оформлен 29 марта.",EVT,EVT-Brexit
ru-1011,"Комментируя отставку министра иностранных дел Великобритании Бориса Джонсона, британские СМИ напоминают, что он был одним из самых ярких противников планов премьер-министра Великобритании Терезы Мэй, которая планировала мягкий выход из ЕС. Так, СМИ полагают, что отставка Джонсона, которая последовала сразу же за отставкой министра по выходу Великобритании из ЕС, повысит чувство кризиса в политической элите Великобритании. В дальнейшем это должно претвориться в отставку самой Терезы Мэй, уверено издание The Guardian. Издание называет такое развитие событий самым негативным последствием Brexit. Отметим, что перед отставкой Борис Джонсон уже не стеснялся и открыто критиковал Терезу Мэй, сообщают британские СМИ. Напомним, что до Джонсона поджал в отставку министр по выходу Великобритании из ЕС Дэвид Дэвис. Его отставка состоялась буквально накануне того, как Тереза Мэй должна была Палате общин, в ходе которого она должна представить только что одобренную кабинетом министров стратегию выхода страны из Евросоюза. Разногласия Мэй с Дэвисом и Джонсоном были принципиального характера. Мэй предложила мягкий вариант выхода, суть которого заключается в том, что создание создаются зоны свободной торговли с ЕС для промышленных и сельскохозяйственных товаров, а также сохраняются таможенные стандартов ЕС на границе с Великобританией. В то время как два ключевых министра, которые теперь в отставке, считают такую стратегию ослабляющей страну, она не позволит влиять на решения ЕС. Сам выход Великобритании из ЕС будет оформлен 29 марта.",PER,PER-David-Davis
ru-1011,"Комментируя отставку министра иностранных дел Великобритании Бориса Джонсона, британские СМИ напоминают, что он был одним из самых ярких противников планов премьер-министра Великобритании Терезы Мэй, которая планировала мягкий выход из ЕС. Так, СМИ полагают, что отставка Джонсона, которая последовала сразу же за отставкой министра по выходу Великобритании из ЕС, повысит чувство кризиса в политической элите Великобритании. В дальнейшем это должно претвориться в отставку самой Терезы Мэй, уверено издание The Guardian. Издание называет такое развитие событий самым негативным последствием Brexit. Отметим, что перед отставкой Борис Джонсон уже не стеснялся и открыто критиковал Терезу Мэй, сообщают британские СМИ. Напомним, что до Джонсона поджал в отставку министр по выходу Великобритании из ЕС Дэвид Дэвис. Его отставка состоялась буквально накануне того, как Тереза Мэй должна была Палате общин, в ходе которого она должна представить только что одобренную кабинетом министров стратегию выхода страны из Евросоюза. Разногласия Мэй с Дэвисом и Джонсоном были принципиального характера. Мэй предложила мягкий вариант выхода, суть которого заключается в том, что создание создаются зоны свободной торговли с ЕС для промышленных и сельскохозяйственных товаров, а также сохраняются таможенные стандартов ЕС на границе с Великобританией. В то время как два ключевых министра, которые теперь в отставке, считают такую стратегию ослабляющей страну, она не позволит влиять на решения ЕС. Сам выход Великобритании из ЕС будет оформлен 29 марта.",PRO,PRO-The-Guardian
